<?xml version="1.0" encoding="UTF-8"?>
<project-private xmlns="http://www.netbeans.org/ns/project-private/1">
    <editor-bookmarks xmlns="http://www.netbeans.org/ns/editor-bookmarks/2" lastBookmarkId="0"/>
    <open-files xmlns="http://www.netbeans.org/ns/projectui-open-files/2">
        <group>
            <file>file:/C:/Users/Kacper/Desktop/SystemZarzadaniaZadaniami/src/systemzarzadaniazadaniami/SystemZarzadaniaZadaniami.java</file>
            <file>file:/C:/Users/Kacper/Desktop/SystemZarzadaniaZadaniami/src/systemzarzadaniazadaniami/Raport.java</file>
            <file>file:/C:/Users/Kacper/Desktop/SystemZarzadaniaZadaniami/src/systemzarzadaniazadaniami/Projekt.java</file>
            <file>file:/C:/Users/Kacper/Desktop/SystemZarzadaniaZadaniami/src/systemzarzadaniazadaniami/Pracownicy.java</file>
            <file>file:/C:/Users/Kacper/Desktop/SystemZarzadaniaZadaniami/src/systemzarzadaniazadaniami/MenagerPracownikow.java</file>
            <file>file:/C:/Users/Kacper/Desktop/SystemZarzadaniaZadaniami/src/systemzarzadaniazadaniami/Logowanie.java</file>
            <file>file:/C:/Users/Kacper/Desktop/SystemZarzadaniaZadaniami/src/systemzarzadaniazadaniami/Zapisywanie.java</file>
            <file>file:/C:/Users/Kacper/Desktop/SystemZarzadaniaZadaniami/src/systemzarzadaniazadaniami/wprowadzLiczbe.java</file>
        </group>
    </open-files>
</project-private>
